A	2.24
B	4.56
C	9.8
D	18.28
C	18.4
B	18.52
A	21.48
B	23.04
C	27.04
D	38.32
C	38.44
B	38.56
A	41.12
B	42.52
C	45.4
D	58.32
C	58.44
B	58.56
A	61.32
B	63.24
C	66.08
D	78.28
C	78.4
B	78.52
A	82.16
B	83
C	83.48
D	83.6
C	84.96
D	85.08
C	85.44
D	85.56
C	85.92
D	86.08
C	86.4
D	98.2
C	98.32
B	98.44
A	102.28
B	104.72
C	104.96
D	105.96
C	107.68
D	109.6
C	110.4
D	118.16
C	118.28
B	118.44
A	122.08
B	122.36
A	122.6
B	122.88
A	123.08
B	123.36
A	123.52
B	123.84
A	124
B	124.36
A	124.52
B	124.84
A	125
B	125.32
A	125.52
B	125.8
A	126
B	126.32
A	126.48
B	126.8
A	126.96
B	127.32
A	127.44
B	127.8
A	127.96
B	128.24
A	128.44
B	128.76
A	128.92
B	129.24
A	129.4
B	129.72
A	129.88
B	130.24
A	130.4
B	130.72
A	130.88
B	131.2
A	131.36
B	131.68
A	131.88
B	132.2
A	132.36
B	132.68
A	132.84
B	133.2
A	133.32
B	133.68
A	133.8
B	134.16
A	134.32
B	134.64
A	134.8
B	135.12
A	135.28
B	135.6
A	135.8
B	136.12
A	136.28
B	136.6
A	136.72
B	137.12
A	137.24
B	137.56
A	141.68
B	142
A	142.12
B	142.48
A	142.6
B	143.44
A	148.52
B	148.84
A	149
B	149.32
A	153.4
B	153.72
A	153.92
B	154.2
A	154.4
B	154.72
A	154.88
B	155.2
A	155.36
B	155.72
A	155.84
B	156.2
A	156.36
B	156.64
A	156.84
B	157.16
A	157.32
B	157.64
A	157.8
B	158.24
A	161.24
B	161.56
A	161.72
B	162.04
A	162.24
B	162.52
A	162.72
B	163
A	163.24
B	163.52
A	163.72
B	164
A	164.2
B	164.48
A	164.68
B	165
A	165.16
B	165.48
A	165.68
B	165.96
A	166.16
B	166.44
A	166.64
B	166.92
A	167.12
B	167.44
A	167.6
B	167.92
A	168.12
B	168.4
A	168.6
B	168.88
A	169.12
B	169.36
A	169.6
B	169.84
A	170.08
B	170.36
A	170.56
B	170.84
A	171.04
B	171.32
A	171.56
B	171.84
A	172.04
B	172.32
A	172.52
B	172.64
C	172.8
B	173.04
C	173.28
B	173.52
C	173.76
B	174
C	174.28
B	174.48
C	174.76
B	175
C	175.24
B	175.48
C	175.72
B	176
C	176.2
B	176.48
C	176.72
B	176.96
C	177.2
B	177.44
C	177.68
B	177.92
C	178.16
B	178.28
A	180.44
B	180.6
A	180.88
B	181.12
A	181.36
B	181.6
A	181.88
B	182.08
A	182.36
B	182.56
A	182.84
B	183.04
A	183.32
B	183.56
A	183.8
B	184.04
A	184.32
B	184.52
A	184.8
B	185.32
C	185.48
B	185.8
C	185.96
B	186.28
C	186.48
B	186.76
C	186.96
B	187.24
C	187.44
B	187.76
C	187.92
B	188.24
C	188.4
B	188.76
C	188.92
B	189.24
C	189.4
B	189.72
C	189.88
B	190.2
C	190.4
B	190.68
C	191.2
D	191.32
C	192.2
D	192.32
C	192.64
D	192.8
C	193.16
D	193.32
C	193.64
D	193.8
C	194.12
D	194.28
C	194.64
D	194.76
C	195.12
D	195.24
C	195.6
D	195.76
C	196.08
D	196.24
C	196.6
D	196.72
C	197.08
D	197.2
C	198.2
B	198.48
A	201.76
B	204
C	207.76
D	218.32
C	218.44
B	218.56
A	221.36
B	222.84
C	225.28
D	238.32
C	238.44
B	238.56
A	241.2
B	242.4
C	245.32
D	258.32
C	258.44
B	258.56
A	261.28
B	263.36
C	265.16
D	278.24
C	278.36
B	278.48
A	280.8
B	280.96
A	281.28
B	281.48
A	281.76
B	281.96
A	282.28
B	282.44
A	282.76
B	282.92
A	283.24
B	283.4
A	283.72
B	283.92
A	284.2
B	284.4
A	284.68
B	285.2
C	285.36
B	285.68
C	285.88
B	286.2
C	286.36
B	286.64
C	286.88
B	287.12
C	287.36
B	287.64
C	287.84
B	288.12
C	288.32
B	288.6
C	288.8
B	289.12
C	289.32
B	289.6
C	289.8
B	290.08
C	290.32
B	290.56
C	290.8
B	291.04
C	291.16
D	291.28
C	291.56
D	291.76
C	292.04
D	292.24
C	292.52
D	292.72
C	293
D	293.24
C	293.48
D	293.72
C	293.96
D	294.24
C	294.48
D	294.72
C	294.96
D	295.2
C	295.44
D	295.68
C	295.92
D	296.2
C	296.4
D	296.68
C	296.92
D	297.16
C	297.4
D	297.64
C	297.88
D	298.16
C	298.28
B	298.4
A	330.2
B	330.52
A	330.68
B	331
A	331.12
B	332
A	337
B	337.36
A	337.52
B	337.84
A	342.44
B	342.72
A	342.92
B	343.24
A	343.4
B	343.72
A	343.88
B	344.24
A	344.36
B	344.72
A	344.88
B	345.16
A	345.36
B	345.64
A	345.84
B	346.16
A	346.32
B	346.64
A	346.8
B	347.16
A	347.32
B	347.64
A	347.8
B	348.12
A	348.32
B	348.6
A	348.8
B	349.08
A	349.28
B	349.6
A	349.76
B	350.08
A	350.24
B	350.56
A	350.72
B	351.04
A	351.24
B	351.52
A	351.72
B	352
A	352.24
B	352.52
A	352.72
B	353
A	353.2
B	353.52
A	353.68
B	354
A	354.2
B	354.48
A	354.68
B	354.96
A	355.16
B	355.44
A	355.64
B	355.92
A	356.12
B	356.44
A	356.64
B	356.92
A	357.12
B	357.4
A	357.6
B	357.88
A	361.12
B	361.32
A	361.56
B	361.8
A	362.04
B	362.28
A	362.52
B	362.8
A	363
B	363.28
A	363.52
B	363.76
A	364
B	364.24
A	364.52
B	364.72
A	365
B	365.2
A	365.48
B	365.72
A	365.96
B	366.2
A	366.44
B	366.68
A	366.96
B	367.16
A	367.44
B	367.92
C	368.12
B	368.4
C	368.64
B	368.92
C	369.12
B	369.4
C	369.6
B	369.88
C	370.12
B	370.4
C	370.6
B	370.88
C	371.08
B	371.36
C	371.56
B	371.84
C	372.08
B	372.32
C	372.56
B	372.84
C	373.04
B	373.32
C	373.52
B	373.84
C	374
B	374.32
C	374.48
B	374.8
C	375.28
D	375.48
C	375.76
D	375.96
C	376.28
D	376.44
C	376.76
D	376.92
C	377.24
D	377.4
C	377.76
D	377.92
C	378.16
B	378.36
A	381.2
B	381.32
A	381.68
B	381.84
A	382.16
B	382.32
A	382.64
B	382.8
A	383.16
B	383.28
A	383.64
B	384.12
C	384.28
B	384.6
C	384.76
B	385.12
C	385.24
B	385.6
C	387.08
D	387.2
C	387.56
D	387.68
C	388.04
D	388.2
C	388.56
D	388.68
C	391
D	398.24
C	398.36
B	398.48
A	401.48
B	403.28
C	405.68
D	418.32
C	418.44
B	418.56
A	421.24
B	422.76
C	424.76
D	438.32
C	438.44
B	438.56
A	441.36
B	442.92
C	446.16
D	458.28
C	458.4
B	458.52
A	462.24
B	462.48
C	462.6
B	462.96
C	463.44
D	463.6
C	463.92
D	464.08
C	464.44
D	464.56
C	464.92
D	465.04
C	465.92
D	466.04
C	466.36
D	466.52
C	466.84
D	467.04
C	467.36
D	467.52
C	467.84
D	468
C	468.36
D	468.48
C	468.84
D	469
C	469.32
D	469.48
C	469.8
D	470
C	470.28
D	470.48
C	470.8
D	470.96
C	471.28
D	471.44
C	471.76
D	471.92
C	472.24
D	472.44
C	472.72
D	472.92
C	473.2
D	473.4
C	473.72
D	473.88
C	474.2
D	474.4
C	474.68
D	474.88
C	475.16
D	475.4
C	475.64
D	475.88
C	476.12
D	476.36
C	476.64
D	476.84
C	477.12
D	477.32
C	477.64
D	477.8
C	478.2
B	478.36
A	481.04
B	481.24
A	481.52
B	481.76
A	482
B	482.24
A	482.48
B	482.72
A	483
B	483.24
A	483.48
B	483.72
A	483.96
B	484.2
A	484.44
B	484.72
A	484.92
B	485.2
A	485.4
B	485.68
A	485.92
B	486.16
A	486.4
B	486.64
A	486.92
B	487.4
C	487.64
B	487.88
C	488.12
B	488.36
C	488.64
B	488.84
C	489.12
B	489.32
C	489.6
B	489.84
C	490.08
B	490.32
C	490.6
B	490.8
C	491.08
B	491.28
C	491.56
B	491.76
C	492.08
B	492.28
C	492.56
B	492.76
C	493.04
B	493.24
C	493.52
B	493.76
C	494.04
B	494.2
C	494.52
B	494.72
C	495
B	495.2
C	495.52
B	495.68
C	495.96
B	496.2
C	496.48
B	496.68
C	496.96
B	497.16
C	497.44
B	497.96
A	498.08
B	498.32
A	526.56
B	526.84
A	527
B	527.32
A	527.56
B	527.84
A	528
B	528.32
A	530
B	530.28
A	530.44
B	530.76
A	530.96
B	531.24
A	531.44
B	531.76
A	531.92
B	532.24
A	532.4
B	532.72
A	532.88
B	533.2
A	533.4
B	533.68
A	533.88
B	534.2
A	534.36
B	534.68
A	534.88
B	535.16
A	535.32
B	535.68
A	535.84
B	536.16
A	536.32
B	536.64
A	536.8
B	537.12
A	537.32
B	537.6
A	537.8
B	538.2
A	541.28
B	541.52
A	541.72
B	542.04
A	542.2
B	542.52
A	542.72
B	543
A	543.2
B	543.48
A	543.68
B	543.96
A	544.16
B	544.44
A	544.64
B	544.96
A	545.12
B	545.44
A	545.64
B	545.76
C	545.92
B	546.4
A	546.64
B	546.76
C	546.88
B	547.12
C	547.4
B	547.88
A	548.08
B	548.36
A	548.6
B	548.84
A	549.08
B	549.2
C	549.32
B	549.6
C	549.8
B	550.08
C	550.32
B	550.56
C	550.8
B	551.04
C	551.32
B	551.52
C	551.8
B	552
C	552.28
B	552.52
C	552.76
B	553
C	553.24
B	553.52
C	553.72
B	554
C	554.24
B	554.48
C	554.72
B	554.96
C	555.2
B	555.48
C	555.68
B	555.96
C	556.16
B	556.44
C	556.68
B	556.92
C	557.16
B	557.4
C	557.64
B	557.92
C	558.16
B	558.28
A	561.36
B	561.56
A	561.84
B	562.04
A	562.36
B	562.52
A	562.84
B	563
A	563.32
B	563.52
A	563.8
B	564.28
C	564.48
B	564.8
C	564.96
B	565.28
C	565.44
B	565.8
C	565.92
B	566.24
C	566.44
B	566.76
C	566.92
B	567.24
C	567.4
B	567.72
C	567.88
B	568.24
C	568.4
B	568.72
C	569.24
D	569.36
C	569.72
D	569.88
C	570.2
D	570.36
C	570.68
D	570.84
C	571.68
D	571.8
C	572.16
D	572.28
C	572.64
D	572.8
C	573.12
D	573.28
C	573.64
D	573.76
C	574.12
D	574.24
C	576.08
D	578.2
C	578.32
B	578.44
A	581.6
B	582.44
C	587.48
D	598.28
C	598.4
B	598.52
A	601.16
B	602.68
C	605.24
D	618.32
C	618.44
B	618.56
A	621.32
B	623
C	625.44
D	638.32
C	638.44
B	638.56
A	641.48
B	642.68
C	645.12
D	658.24
C	658.36
B	658.48
A	661.24
B	661.44
A	661.72
B	661.92
A	662.24
B	662.4
A	662.72
B	662.88
A	663.2
B	663.68
C	663.88
B	664.16
C	664.4
B	664.64
C	664.88
B	665.16
C	665.36
B	665.64
C	665.84
B	666.16
C	666.32
B	666.64
C	666.84
B	667.12
C	667.32
B	667.6
C	667.84
B	668.08
C	668.32
B	668.56
C	668.8
B	669.08
C	669.28
B	669.56
C	669.8
B	670.04
C	670.28
B	670.52
C	670.64
D	670.76
C	671
D	671.24
C	671.52
D	671.72
C	672
D	672.2
C	672.32
B	672.48
C	672.72
B	672.96
C	673.2
B	673.44
C	673.72
B	673.92
C	674.2
B	674.44
C	674.68
B	674.92
C	675.16
B	675.4
C	675.52
D	675.64
C	675.92
D	676.16
C	676.4
D	676.64
C	676.88
D	677.16
C	677.36
D	677.64
C	677.84
D	678.12
C	678.24
B	678.36
A	680.84
B	681.08
A	681.28
B	681.56
A	681.76
B	682.04
A	682.28
B	682.52
A	682.72
B	683.04
A	683.2
B	683.52
A	683.72
B	684
A	684.2
B	684.52
A	684.72
B	685
A	685.2
B	685.48
A	685.68
B	686
A	686.16
B	686.48
A	686.64
B	686.96
A	687.12
B	687.44
A	687.64
B	687.92
A	688.12
B	688.44
A	688.6
B	688.92
A	689.08
B	689.44
A	689.56
B	689.92
A	690.08
B	690.4
A	690.56
B	690.88
A	691.08
B	691.36
A	691.56
B	691.84
A	692.04
B	692.36
A	692.52
B	692.84
A	693
B	693.32
A	693.48
B	693.8
A	694
B	694.32
A	694.48
B	694.8
A	694.96
B	695.32
A	695.44
B	695.8
A	695.92
B	696.28
A	696.44
B	696.76
A	696.92
B	697.24
A	697.4
B	697.72
A	697.92
B	698.12
A	725.32
B	725.64
A	725.84
B	726.12
A	726.32
B	726.64
A	726.8
B	727.12
A	727.28
B	727.6
A	727.8
B	728.08
A	728.28
B	728.56
A	728.76
B	729.04
A	729.28
B	729.56
A	729.76
B	730.04
A	730.24
B	730.52
A	730.72
B	731.04
A	731.2
B	731.52
A	731.72
B	732
A	732.2
B	732.48
A	732.68
B	732.96
A	733.16
B	733.48
A	733.68
B	733.96
A	734.16
B	734.44
A	734.64
B	734.92
A	735.16
B	735.4
A	735.64
B	735.92
A	736.12
B	736.4
A	736.6
B	736.88
A	737.08
B	737.36
A	737.6
B	737.84
A	738.08
B	738.28
A	742.04
B	742.24
A	742.52
B	742.76
A	743
B	743.24
A	743.48
B	743.72
A	744
B	744.2
A	744.48
B	744.68
A	744.96
B	745.44
C	745.68
B	745.92
C	746.16
B	746.44
C	746.64
B	746.92
C	747.12
B	747.44
C	747.6
B	747.92
C	748.12
B	748.4
C	748.6
B	748.88
C	749.12
B	749.36
C	749.6
B	749.88
C	750.08
B	750.36
C	750.56
B	750.84
C	751.04
B	751.36
C	751.52
B	751.84
C	752.32
D	752.52
C	752.8
D	753
C	753.32
D	753.48
C	753.8
D	753.96
C	754.32
D	754.44
C	754.8
D	754.96
C	755.28
D	755.44
C	755.76
D	755.92
C	756.24
D	756.4
C	756.76
D	756.88
C	757.24
D	757.4
C	757.72
D	757.88
C	758.2
B	758.32
A	761.16
B	761.28
A	761.64
B	761.8
A	762.12
B	762.28
A	762.64
B	762.76
A	763.12
B	764.6
C	765.08
D	765.2
C	770.32
D	778.28
C	778.4
B	778.52
A	781.36
B	782.84
C	786.36
D	798.32
C	798.44
B	798.64
A	801.12
B	802.24
C	804.88
D	818.32
C	818.44
B	818.56
A	821.24
B	823.24
C	826.48
D	838.28
C	838.4
B	838.52
A	841.48
B	841.6
A	841.96
B	842.08
A	842.44
B	842.92
C	843.08
B	843.4
C	843.6
B	843.92
C	844.08
B	844.4
C	844.56
B	845.4
C	845.84
D	846
C	846.32
D	846.52
C	846.84
D	847
C	847.32
D	847.48
C	847.84
D	847.96
C	848.32
D	848.48
C	848.8
D	848.96
C	849.28
D	849.48
C	849.76
D	849.96
C	850.24
D	850.44
C	850.76
D	850.92
C	851.24
D	851.4
C	851.72
D	851.92
C	852.2
D	852.4
C	852.68
D	852.92
C	853.16
D	853.4
C	853.68
D	853.88
C	854.16
D	854.36
C	854.64
D	854.84
C	855.12
D	855.36
C	855.6
D	855.84
C	856.12
D	856.36
C	856.6
D	856.84
C	857.08
D	857.32
C	857.6
D	857.8
C	858.2
B	858.32
A	861.48
B	861.72
A	861.96
B	862.24
A	862.44
B	862.72
A	862.96
B	863.2
A	863.44
B	863.68
A	863.92
B	864.2
A	864.44
B	864.68
A	864.92
B	865.2
A	865.4
B	865.68
A	865.88
B	866.16
A	866.36
B	866.64
A	866.88
B	867.12
A	867.36
B	867.6
A	867.84
B	868.12
A	868.32
B	868.6
A	868.8
B	869.12
A	869.32
B	869.6
A	869.8
B	870.08
A	870.28
B	870.56
A	870.76
B	871.04
A	871.24
B	871.56
A	871.72
B	872.04
A	872.24
B	872.52
A	872.72
B	873
A	873.2
B	873.52
A	873.72
B	874
A	874.2
B	874.52
A	874.68
B	875
A	875.16
B	875.48
A	875.64
B	875.96
A	876.16
B	876.44
A	876.64
B	876.92
A	877.12
B	877.44
A	877.6
B	877.72
C	877.92
B	878.36
A	882
B	882.32
A	882.52
B	882.8
A	883
B	883.32
A	883.48
B	883.8
A	883.96
B	884.32
A	884.44
B	884.8
A	884.96
B	885.28
A	885.44
B	885.76
A	885.92
B	886.24
A	886.44
B	886.76
A	887.44
B	887.72
A	887.88
B	888.24
A	888.4
B	888.72
A	888.88
B	889.2
A	889.36
B	889.68
A	889.84
B	890.2
A	890.32
B	890.68
A	890.8
B	891.16
A	891.32
B	891.64
A	891.8
B	892.12
A	892.32
B	892.64
A	895.24
B	895.56
A	895.72
B	896.04
A	896.2
B	896.56
A	896.68
B	897.04
A	897.2
B	897.52
A	921.2
B	921.48
A	921.68
B	922
A	922.2
B	922.48
A	922.68
B	922.96
A	923.2
B	923.44
A	923.68
B	923.92
A	924.16
B	924.4
A	924.64
B	924.92
A	925.12
B	925.4
A	925.6
B	925.88
A	926.12
B	926.36
A	926.6
B	926.84
A	927.12
B	927.6
C	927.84
B	928.08
C	928.32
B	928.56
C	928.84
B	929.04
C	929.32
B	929.56
C	929.8
B	930.04
C	930.28
B	930.52
C	930.76
B	931
C	931.28
B	931.52
C	931.76
B	932
C	932.24
B	932.52
C	932.72
B	933
C	933.2
B	933.48
C	933.68
B	933.96
C	934.2
B	934.44
C	934.68
B	934.92
C	935.16
B	935.44
C	935.64
B	935.92
C	936.12
B	936.44
C	936.64
B	936.92
C	937.12
B	937.4
C	937.6
B	937.88
C	938.16
B	938.28
A	940.84
B	941.04
A	941.32
B	941.52
A	941.84
B	942
A	942.32
B	942.48
A	942.84
B	942.96
A	943.32
B	943.48
A	943.8
B	943.96
A	944.28
B	944.44
A	944.76
B	945.28
C	945.4
B	945.76
C	945.88
B	946.24
C	946.4
B	946.72
C	947.24
D	947.4
C	947.72
D	947.88
C	949.2
D	949.32
C	949.68
D	949.8
C	950.16
D	950.32
C	950.64
D	950.8
C	951.16
D	951.28
C	951.64
D	951.76
C	953.12
D	958.24
C	958.36
B	958.48
A	961.6
B	963.68
C	966.76
D	978.32
C	978.44
B	978.56
A	981.32
B	982.8
C	984.92
D	998.32
C	998.44
B	998.56
A	1001.32
B	1002.52
C	1005.2
D	1018.28
C	1018.4
B	1018.52
A	1021.44
B	1022.16
C	1022.64
D	1022.76
C	1025.6
D	1025.72
C	1026.04
D	1038.2
C	1038.32
B	1038.44
A	1040.72
B	1040.92
A	1041.2
B	1041.44
A	1041.68
B	1041.92
A	1042.2
B	1042.4
A	1042.68
B	1042.88
A	1043.16
B	1043.36
A	1043.64
B	1043.88
A	1044.12
B	1044.36
A	1044.6
B	1044.88
A	1045.12
B	1045.6
C	1045.84
B	1046.12
C	1046.32
B	1046.6
C	1046.8
B	1047.08
C	1047.32
B	1047.56
C	1047.8
B	1048.04
C	1048.28
B	1048.52
C	1048.76
B	1049.04
C	1049.28
B	1049.52
C	1049.76
B	1050
C	1050.24
B	1050.48
C	1050.76
B	1050.96
C	1051.24
B	1051.48
C	1051.72
B	1051.96
C	1052.2
B	1052.44
C	1052.56
D	1052.68
C	1052.96
D	1053.2
C	1053.44
D	1053.68
C	1053.92
D	1054.2
C	1054.4
D	1054.68
C	1054.88
D	1055.16
C	1055.4
D	1055.64
C	1055.76
B	1055.88
C	1056.12
B	1056.36
C	1056.64
B	1056.84
C	1057.12
B	1057.32
C	1057.64
B	1057.8
C	1058.16
B	1058.28
A	1064.2
B	1064.48
A	1064.68
B	1064.96
A	1065.16
B	1065.44
A	1065.64
B	1065.96
A	1066.12
B	1066.44
A	1066.6
B	1066.92
A	1067.12
B	1067.44
A	1067.6
B	1067.92
A	1068.08
B	1068.4
A	1068.6
B	1068.88
A	1069.08
B	1069.4
A	1069.56
B	1069.88
A	1070.04
B	1070.36
A	1070.52
B	1070.84
A	1071.04
B	1071.32
A	1071.52
B	1071.84
A	1072
B	1072.32
A	1072.48
B	1072.84
A	1072.96
B	1073.32
A	1073.48
B	1073.8
A	1073.96
B	1074.28
A	1074.48
B	1074.76
A	1074.92
B	1075.28
A	1075.4
B	1075.76
A	1075.88
B	1076.24
A	1076.4
B	1076.72
A	1076.88
B	1077.24
A	1077.4
B	1077.72
A	1077.88
B	1078.12
A	1089.64
B	1089.96
A	1090.12
B	1090.44
A	1090.6
B	1090.92
A	1091.08
B	1091.44
A	1091.56
B	1091.92
A	1092.08
B	1092.4
A	1092.56
B	1092.88
A	1093.08
B	1093.36
A	1093.56
B	1093.88
A	1094.04
B	1094.36
A	1094.52
B	1094.84
A	1095
B	1095.36
A	1095.48
B	1095.84
A	1096
B	1096.32
A	1096.48
B	1096.8
A	1097
B	1097.32
A	1097.48
B	1097.8
A	1097.92
B	1098.12
A	1112.64
B	1114.96
A	1115.88
B	1116.16
C	1117.64
B	1118.36
A	1121.04
B	1121.24
A	1121.52
B	1121.72
A	1122
B	1122.2
A	1122.48
B	1122.72
A	1122.96
B	1123.2
A	1123.44
B	1123.68
A	1123.96
B	1124.16
A	1124.44
B	1124.64
A	1124.96
B	1125.16
A	1125.44
B	1125.68
A	1125.92
B	1126.4
C	1126.6
B	1126.92
C	1127.12
B	1127.4
C	1127.6
B	1127.92
C	1128.08
B	1128.4
C	1128.56
B	1128.84
C	1129.08
B	1129.36
C	1129.56
B	1129.84
C	1130.04
B	1130.32
C	1130.52
B	1130.84
C	1131
B	1131.32
C	1131.56
B	1131.8
C	1132
B	1132.28
C	1132.52
B	1132.8
C	1133.28
D	1133.44
C	1133.8
D	1133.92
C	1134.28
D	1134.4
C	1134.76
D	1134.92
C	1135.24
D	1135.4
C	1135.72
D	1135.88
C	1136.24
D	1136.4
C	1136.72
D	1136.88
C	1137.72
D	1137.84
C	1138.2
B	1138.32
A	1141.16
B	1141.64
C	1141.76
B	1142.12
C	1142.24
B	1144.56
C	1145.04
D	1145.2
C	1145.56
D	1145.68
C	1148.88
D	1158.28
C	1158.4
B	1158.52
A	1161.36
B	1163.12
C	1165.64
D	1178.32
C	1178.44
B	1178.56
A	1181.24
B	1182.8
C	1184.92
D	1198.32
C	1198.44
B	1198.64
A	1201.48
B	1203.16
C	1206.72
D	1218.28
C	1218.4
B	1218.52
A	1220.92
B	1221.08
A	1221.44
B	1221.6
A	1221.92
B	1222.08
A	1222.4
B	1222.92
C	1223.08
B	1223.36
C	1223.56
B	1223.84
C	1224.04
B	1224.36
C	1224.52
B	1224.84
C	1225
B	1225.36
C	1225.52
B	1225.84
C	1226
B	1226.32
C	1226.52
B	1226.8
C	1227
B	1227.28
C	1227.48
B	1227.8
C	1227.96
B	1228.28
C	1228.76
D	1228.92
C	1229.24
D	1229.44
C	1229.72
D	1229.92
C	1230.2
D	1230.44
C	1230.72
D	1230.92
C	1231.2
D	1231.4
C	1231.68
D	1231.88
C	1232.16
D	1232.4
C	1232.64
D	1232.88
C	1233.12
D	1233.36
C	1233.64
D	1233.88
C	1234.12
D	1234.32
C	1234.64
D	1234.84
C	1235.12
D	1235.32
C	1235.6
D	1235.84
C	1236.08
D	1236.32
C	1236.56
D	1236.8
C	1237.04
D	1237.28
C	1237.56
D	1237.76
C	1238.2
B	1238.32
A	1241.48
B	1241.72
A	1241.92
B	1242.2
A	1242.4
B	1242.72
A	1242.92
B	1243.2
A	1243.4
B	1243.68
A	1243.92
B	1244.16
A	1244.4
B	1244.64
A	1244.88
B	1245.16
A	1245.36
B	1245.64
A	1245.84
B	1246.12
A	1246.32
B	1246.6
A	1246.84
B	1247.12
A	1247.32
B	1247.6
A	1247.8
B	1247.92
C	1248.08
B	1248.28
C	1248.6
B	1248.76
C	1249.08
B	1249.28
C	1249.56
B	1250.04
A	1250.24
B	1250.52
A	1250.76
B	1251.04
A	1251.2
B	1251.52
A	1251.72
B	1252.04
A	1252.2
B	1252.52
A	1252.68
B	1253
A	1253.2
B	1253.48
A	1253.68
B	1253.96
A	1254.16
B	1254.28
C	1254.48
B	1254.64
C	1254.96
B	1255.12
C	1255.44
B	1255.6
C	1255.92
B	1256.44
A	1256.6
B	1256.92
A	1257.08
B	1257.4
A	1257.6
B	1257.92
A	1265.96
B	1266.24
A	1266.4
B	1266.72
A	1266.88
B	1267.24
A	1267.36
B	1267.72
A	1267.84
B	1268.2
A	1268.36
B	1268.68
A	1268.84
B	1269.16
A	1269.32
B	1269.64
A	1272.76
B	1273.08
A	1273.24
B	1273.6
A	1273.72
B	1274.08
A	1274.76
B	1275.04
A	1285
B	1285.32
A	1285.48
B	1285.8
A	1286
B	1286.32
A	1286.48
B	1286.8
A	1286.96
B	1287.28
A	1287.48
B	1287.76
A	1287.96
B	1288.24
A	1288.44
B	1288.72
A	1288.92
B	1289.24
A	1289.4
B	1289.72
A	1289.88
B	1290.24
A	1290.4
B	1290.72
A	1290.88
B	1291.2
A	1291.4
B	1291.68
A	1291.88
B	1292.16
A	1292.36
B	1292.68
A	1292.84
B	1293.16
A	1293.32
B	1293.64
A	1293.84
B	1294.12
A	1294.32
B	1294.6
A	1294.8
B	1295.12
A	1295.28
B	1295.6
A	1295.8
B	1296.08
A	1296.28
B	1296.56
A	1296.76
B	1297.04
A	1297.28
B	1297.52
A	1297.76
B	1298.2
A	1304.36
B	1304.64
C	1306.12
B	1308.08
C	1309.12
B	1311.4
C	1318.08
D	1318.2
C	1318.32
B	1318.44
A	1321.32
B	1321.48
A	1321.8
B	1321.96
A	1322.32
B	1322.44
A	1322.8
B	1322.92
A	1323.28
B	1323.76
C	1323.92
B	1324.24
C	1324.4
B	1324.76
C	1324.88
B	1325.24
C	1325.4
B	1325.76
C	1326.24
D	1326.36
C	1326.72
D	1326.84
C	1327.2
D	1327.36
C	1327.68
D	1327.84
C	1329.64
D	1329.8
C	1330.16
D	1330.28
C	1330.64
D	1338.24
C	1338.36
B	1338.48
A	1341.36
B	1343.08
C	1346.8
D	1358.32
C	1358.44
B	1358.56
A	1361.2
B	1362.72
C	1365.56
D	1378.32
C	1378.44
B	1378.56
A	1381.36
B	1383.2
C	1385.84
D	1398.28
C	1398.4
B	1398.52
A	1401.72
B	1404.16
C	1409.48
D	1418.24
C	1418.36
B	1418.48
A	1421.64
B	1421.88
A	1422.16
B	1422.4
A	1422.64
B	1422.88
A	1423.12
B	1423.36
A	1423.64
B	1423.84
A	1424.12
B	1424.6
C	1424.84
B	1425.08
C	1425.32
B	1425.56
C	1425.8
B	1426.08
C	1426.28
B	1426.56
C	1426.8
B	1427.04
C	1427.28
B	1427.52
C	1427.8
B	1428
C	1428.28
B	1428.52
C	1428.76
B	1429
C	1429.24
B	1429.48
C	1429.72
B	1429.96
C	1430.24
B	1430.44
C	1430.72
B	1430.92
C	1431.24
B	1431.44
C	1431.72
B	1431.92
C	1432.2
B	1432.44
C	1432.68
B	1432.92
C	1433.16
B	1433.4
C	1433.68
B	1433.88
C	1434.16
B	1434.36
C	1434.64
B	1434.84
C	1435.12
B	1435.36
C	1435.6
B	1435.84
C	1436.12
B	1436.32
C	1436.6
B	1436.8
C	1437.12
B	1437.28
C	1437.6
B	1437.8
C	1438.12
B	1438.24
A	1441.72
B	1442
A	1442.2
B	1442.48
A	1442.68
B	1443
A	1443.16
B	1443.48
A	1443.64
B	1443.96
A	1444.12
B	1444.44
A	1444.64
B	1444.92
A	1445.12
B	1445.44
A	1445.6
B	1445.92
A	1446.08
B	1446.44
A	1446.6
B	1446.92
A	1447.08
B	1447.4
A	1447.56
B	1447.88
A	1448.08
B	1448.36
A	1448.56
B	1448.88
A	1449.04
B	1449.36
A	1449.52
B	1449.84
A	1450
B	1450.36
A	1450.48
B	1450.84
A	1451
B	1451.32
A	1451.48
B	1451.8
A	1452
B	1452.32
A	1453.48
B	1453.76
A	1453.92
B	1454.24
A	1454.44
B	1454.72
A	1454.92
B	1455.24
A	1455.4
B	1455.72
A	1455.88
B	1456.24
A	1456.36
B	1456.72
A	1456.88
B	1457.2
A	1457.36
B	1457.68
A	1457.84
B	1458.24
A	1468.12
B	1468.48
A	1468.6
B	1468.96
A	1473.04
B	1473.32
A	1473.52
B	1473.84
A	1474
B	1474.32
A	1474.48
B	1474.84
A	1475
B	1475.32
A	1475.48
B	1475.8
A	1475.96
B	1476.28
A	1476.48
B	1476.76
A	1476.96
B	1477.24
A	1477.44
B	1477.76
A	1477.92
B	1478.2
A	1484.32
B	1484.6
A	1484.8
B	1485.08
A	1485.28
B	1485.56
A	1485.8
B	1486.04
A	1486.28
B	1486.56
A	1486.76
B	1487.04
A	1487.24
B	1487.52
A	1487.72
B	1488.04
A	1488.24
B	1488.52
A	1488.72
B	1489
A	1489.24
B	1489.48
A	1489.72
B	1489.96
A	1490.2
B	1490.48
A	1490.68
B	1490.96
A	1491.16
B	1491.44
A	1491.68
B	1491.92
A	1492.16
B	1492.4
A	1492.64
B	1492.76
C	1492.88
B	1493.12
C	1493.4
B	1493.64
C	1493.88
B	1494.12
C	1494.36
B	1494.6
C	1494.84
B	1495.12
C	1495.32
B	1495.6
C	1495.84
B	1496.08
C	1496.32
B	1496.56
C	1496.8
B	1497.04
C	1497.32
B	1497.56
C	1497.8
B	1498.16
A	1502.76
B	1505.68
C	1511.68
D	1518.24
C	1518.36
B	1518.48
A	1521.6
B	1523.88
C	1528.68
D	1538.28
C	1538.4
B	1538.52
A	1541.32
B	1542.72
C	1545.52
D	1558.32
C	1558.44
B	1558.56
A	1561.12
B	1562.4
C	1565.56
D	1578.28
C	1578.4
B	1578.52
A	1581.24
B	1583.64
C	1587.16
D	1598.24
C	1598.36
B	1598.48
A	1602.32
B	1605.52
C	1610.12
D	1618.2
C	1618.32
B	1618.44
A	1621.92
B	1622.2
A	1622.4
B	1622.68
A	1622.88
B	1623.16
A	1623.36
B	1623.64
A	1623.88
B	1624.12
A	1624.36
B	1624.64
A	1624.84
B	1625.12
A	1625.32
B	1625.64
A	1625.8
B	1626.12
A	1626.28
B	1626.6
A	1626.8
B	1627.08
A	1627.28
B	1627.56
A	1627.8
B	1628.08
A	1628.28
B	1628.56
A	1628.72
B	1629.04
A	1629.24
B	1629.56
A	1629.72
B	1630.04
A	1630.24
B	1630.52
A	1630.72
B	1631
A	1631.2
B	1631.52
A	1631.68
B	1632
A	1632.16
B	1632.52
A	1632.64
B	1632.96
A	1633.16
B	1633.44
A	1633.64
B	1633.96
A	1634.12
B	1634.44
A	1634.6
B	1634.96
A	1635.08
B	1635.44
A	1635.6
B	1635.92
A	1636.08
B	1636.4
A	1636.6
B	1636.88
A	1637.08
B	1637.4
A	1637.56
B	1637.88
A	1643
B	1643.24
A	1643.44
B	1643.76
A	1643.92
B	1644.24
A	1644.4
B	1644.76
A	1644.88
B	1645.24
A	1645.4
B	1645.72
A	1645.88
B	1646.2
A	1648.8
B	1649.12
A	1649.32
B	1649.64
A	1649.8
B	1650.12
A	1650.28
B	1650.64
A	1650.76
B	1651.12
A	1651.24
B	1651.6
A	1651.76
B	1652.08
A	1652.24
B	1652.56
A	1652.72
B	1653.04
A	1655.68
B	1656
A	1656.16
B	1656.48
A	1656.64
B	1657
A	1657.12
B	1657.48
A	1657.6
B	1657.96
A	1662.52
B	1662.84
A	1663
B	1663.36
A	1663.48
B	1663.84
A	1664
B	1664.32
A	1664.48
B	1664.8
A	1665
B	1665.28
A	1665.48
B	1665.8
A	1665.96
B	1666.28
A	1666.44
B	1666.76
A	1666.92
B	1667.24
A	1667.44
B	1667.72
A	1667.92
B	1668.2
A	1668.4
B	1668.72
A	1668.92
B	1669.2
A	1669.4
B	1669.72
A	1669.88
B	1670.2
A	1670.36
B	1670.68
A	1670.88
B	1671.16
A	1671.36
B	1671.64
A	1671.84
B	1672.12
A	1672.32
B	1672.64
A	1672.8
B	1673.12
A	1673.32
B	1673.6
A	1673.8
B	1674.08
A	1674.32
B	1674.56
A	1674.8
B	1675.08
A	1675.28
B	1675.56
A	1675.76
B	1676.04
A	1676.24
B	1676.56
A	1676.76
B	1677.04
A	1677.24
B	1677.52
A	1677.72
B	1678.2
A	1681.16
B	1681.4
A	1681.64
B	1681.92
A	1682.12
B	1682.4
A	1682.64
B	1682.88
A	1683.12
B	1683.36
A	1683.64
B	1683.84
A	1684.12
B	1684.36
A	1684.6
B	1684.84
A	1685.08
B	1685.32
A	1685.56
B	1685.84
A	1686.08
B	1686.32
A	1686.56
B	1686.68
C	1686.8
B	1687.08
C	1687.28
B	1687.56
C	1687.76
B	1688.04
C	1688.28
B	1688.52
C	1688.76
B	1689
C	1689.24
B	1689.52
C	1689.72
B	1690
C	1690.2
B	1690.52
C	1690.68
B	1691
C	1691.2
B	1691.48
C	1691.68
B	1691.96
C	1692.16
B	1692.44
C	1692.64
B	1692.96
C	1693.12
B	1693.44
C	1693.92
D	1694.12
C	1694.4
D	1694.6
C	1694.92
D	1695.12
C	1695.4
D	1695.6
C	1695.92
D	1696.08
C	1696.4
D	1696.56
C	1696.88
D	1697.04
C	1697.36
D	1697.52
C	1697.84
D	1698.16
C	1698.28
B	1698.4
A	1702.12
B	1705.12
C	1709.64
D	1718.28
C	1718.4
B	1718.52
A	1721.4
B	1723.24
C	1725.8
D	1738.32
C	1738.44
B	1738.56
A	1741.28
B	1742.8
C	1744.72
D	1758.32
C	1758.44
B	1758.56
A	1761.4
B	1762.84
C	1766.8
D	1778.28
C	1778.4
B	1778.52
A	1781.96
B	1782.6
C	1783.08
D	1783.2
C	1783.56
D	1783.68
C	1784.04
D	1784.16
C	1784.56
D	1784.68
C	1785.04
D	1785.16
C	1785.52
D	1785.68
C	1786
D	1786.16
C	1786.48
D	1786.64
C	1787
D	1787.12
C	1787.48
D	1787.6
C	1787.96
D	1788.12
C	1788.44
D	1788.6
C	1788.92
D	1789.12
C	1789.4
D	1789.6
C	1789.92
D	1790.08
C	1790.4
D	1790.56
C	1790.92
D	1791.08
C	1791.4
D	1791.56
C	1791.84
D	1792.04
C	1792.32
D	1792.56
C	1792.84
D	1793.04
C	1793.32
D	1793.52
C	1793.84
D	1794
C	1794.32
D	1794.52
C	1794.8
D	1795
C	1795.28
D	1795.48
C	1795.76
D	1796
C	1796.24
D	1796.48
C	1796.76
D	1796.96
C	1797.24
D	1797.44
C	1797.72
D	1797.92
C	1798.2
B	1798.32
A	1801.36
B	1804.16
C	1806.2
B	1806.84
C	1807.08
D	1816.12
C	1818.12
B	1818.28
A	1825.12
B	1825.4
A	1825.6
B	1825.92
A	1826.08
B	1826.4
A	1826.56
B	1826.92
A	1827.04
B	1827.4
A	1827.52
B	1827.84
A	1828.04
B	1828.36
A	1828.52
B	1828.84
A	1831.48
B	1831.76
A	1831.96
B	1832.28
A	1832.44
B	1832.76
A	1832.92
B	1833.28
A	1833.4
B	1833.76
A	1833.88
B	1834.24
A	1834.4
B	1834.72
A	1834.88
B	1835.2
A	1836.88
B	1837.16
A	1837.32
B	1837.64
A	1837.84
B	1838.24
A	1850.56
B	1850.88
A	1851.04
B	1851.36
A	1851.52
B	1851.84
A	1852
B	1852.36
A	1852.52
B	1852.84
A	1853
B	1853.32
A	1853.52
B	1853.8
A	1854
B	1854.32
A	1854.48
B	1854.8
A	1854.96
B	1855.28
A	1855.44
B	1855.76
A	1855.96
B	1856.24
A	1856.44
B	1856.72
A	1856.92
B	1857.24
A	1857.4
B	1857.72
A	1857.88
B	1858.12
A	1862.36
B	1862.6
A	1862.84
B	1863.08
A	1863.32
B	1863.6
A	1863.8
B	1864.08
A	1864.28
B	1864.56
A	1864.76
B	1865.04
A	1865.28
B	1865.52
A	1865.76
B	1866
A	1866.24
B	1866.52
A	1866.76
B	1867
A	1867.24
B	1867.52
A	1867.72
B	1868
A	1868.2
B	1868.48
A	1868.72
B	1868.96
A	1869.2
B	1869.44
A	1869.68
B	1869.92
A	1870.16
B	1870.44
A	1870.64
B	1870.92
A	1871.16
B	1871.4
A	1871.64
B	1871.88
A	1872.12
B	1872.36
A	1872.64
B	1873.12
C	1873.36
B	1873.6
C	1873.84
B	1874.08
C	1874.32
B	1874.6
C	1874.8
B	1875.08
C	1875.32
B	1875.6
C	1875.8
B	1876.08
C	1876.28
B	1876.56
C	1876.8
B	1877.04
C	1877.28
B	1877.52
C	1877.76
B	1878.16
A	1881.04
B	1881.16
A	1881.48
B	1881.64
A	1881.96
B	1882.12
A	1882.44
B	1882.64
A	1882.92
B	1883.44
C	1883.6
B	1883.92
C	1884.12
B	1884.4
C	1884.6
B	1884.92
C	1885.08
B	1885.4
C	1885.56
B	1885.88
C	1886.08
B	1886.36
C	1886.56
B	1886.84
C	1887.04
B	1887.36
C	1887.52
B	1887.84
C	1888
B	1888.36
C	1888.84
D	1889
C	1889.32
D	1889.48
C	1889.8
D	1889.96
C	1890.32
D	1890.44
C	1890.8
D	1890.92
C	1892.24
D	1892.4
C	1892.76
D	1892.88
C	1893.24
D	1893.4
C	1893.76
D	1893.88
C	1895.2
D	1898.2
C	1898.32
B	1898.44
A	1901.4
B	1903.68
C	1906.84
D	1918.32
C	1918.44
B	1918.56
A	1921.16
B	1922.88
C	1925.44
D	1938.32
C	1938.44
B	1938.56
A	1941.16
B	1942.92
C	1945.12
D	1958.32
C	1958.44
B	1958.56
A	1961.56
B	1963.52
C	1964.76
D	1978.24
C	1978.36
B	1978.48
A	1980.88
B	1981.08
A	1981.36
B	1981.56
A	1981.84
B	1982.04
A	1982.36
B	1982.52
A	1982.84
B	1983
A	1983.32
B	1983.8
C	1984
B	1984.28
C	1984.48
B	1984.8
C	1985
B	1985.28
C	1985.48
B	1985.76
C	1985.96
B	1986.24
C	1986.48
B	1986.72
C	1986.96
B	1987.2
C	1987.44
B	1987.72
C	1987.92
B	1988.2
C	1988.4
B	1988.68
C	1989.2
D	1989.4
C	1989.64
D	1989.88
C	1990.12
D	1990.4
C	1990.64
D	1990.88
C	1991.12
D	1991.36
C	1991.64
D	1991.84
C	1992.12
D	1992.32
C	1992.6
D	1992.84
C	1993.08
D	1993.32
C	1993.56
D	1993.84
C	1994.04
D	1994.32
C	1994.56
D	1994.8
C	1995.04
D	1995.28
C	1995.52
D	1995.8
C	1996
D	1996.28
C	1996.48
D	1996.76
C	1997
D	1997.24
C	1997.48
D	1997.72
C	1997.96
D	1998.16
C	1998.28
B	1998.44
A	2021.96
B	2022.24
A	2022.4
B	2022.76
A	2022.96
B	2023.24
A	2023.4
B	2023.72
A	2025.84
B	2026.16
A	2026.36
B	2026.64
A	2026.84
B	2027.16
A	2027.32
B	2027.64
A	2027.8
B	2028.16
A	2028.28
B	2028.64
A	2028.8
B	2029.12
A	2029.28
B	2029.6
A	2029.76
B	2030.08
A	2031.76
B	2032.04
A	2032.2
B	2032.52
A	2032.72
B	2033.04
A	2033.2
B	2033.52
A	2033.68
B	2034.04
A	2034.16
B	2034.52
A	2034.64
B	2035
A	2035.16
B	2035.48
A	2044.96
B	2045.24
A	2045.44
B	2045.76
A	2045.92
B	2046.24
A	2046.4
B	2046.72
A	2046.92
B	2047.24
A	2047.4
B	2047.72
A	2047.92
B	2048.2
A	2048.4
B	2048.68
A	2048.88
B	2049.16
A	2049.36
B	2049.68
A	2049.84
B	2050.16
A	2050.36
B	2050.64
A	2050.84
B	2051.12
A	2051.32
B	2051.6
A	2051.84
B	2052.12
A	2052.32
B	2052.6
A	2052.8
B	2053.08
A	2053.28
B	2053.6
A	2053.8
B	2054.04
A	2054.28
B	2054.52
A	2054.76
B	2055.04
A	2055.28
B	2055.52
A	2055.72
B	2056.04
A	2056.24
B	2056.52
A	2056.72
B	2057
A	2057.24
B	2057.48
A	2057.72
B	2057.96
A	2058.08
B	2058.32
A	2061.64
B	2061.88
A	2062.12
B	2062.36
A	2062.6
B	2062.84
A	2063.12
B	2063.32
A	2063.6
B	2063.8
A	2064.12
B	2064.32
A	2064.6
B	2064.8
A	2065.08
B	2065.32
A	2065.56
B	2065.68
C	2065.8
B	2066.04
C	2066.28
B	2066.56
C	2066.76
B	2067.04
C	2067.24
B	2067.52
C	2067.72
B	2068
C	2068.24
B	2068.52
C	2068.72
B	2069
C	2069.2
B	2069.48
C	2069.68
B	2070
C	2070.16
B	2070.48
C	2070.68
B	2070.96
C	2071.16
B	2071.44
C	2071.92
D	2072.12
C	2072.44
D	2072.6
C	2072.92
D	2073.08
C	2073.44
D	2073.6
C	2073.92
D	2074.08
C	2074.4
D	2074.56
C	2074.88
D	2075.08
C	2075.36
D	2075.56
C	2075.88
D	2076.04
C	2076.4
D	2076.52
C	2076.88
D	2077
C	2077.36
D	2077.48
C	2077.84
D	2078.16
C	2078.28
B	2078.4
A	2080.8
B	2080.92
A	2081.28
B	2081.4
A	2081.76
B	2081.88
A	2082.24
B	2082.36
A	2082.76
B	2083.72
C	2087.16
D	2087.28
C	2087.64
D	2098.28
C	2098.4
B	2098.52
A	2101.36
B	2102.64
C	2105.76
D	2118.32
C	2118.44
B	2118.56
A	2121.2
B	2122.64
C	2125.56
D	2138.32
C	2138.44
B	2138.56
A	2141.4
B	2143.44
C	2146.32
D	2158.28
C	2158.4
B	2158.52
A	2162.08
B	2162.2
A	2162.52
B	2163.04
C	2163.2
B	2163.52
C	2163.68
B	2164.04
C	2164.16
B	2164.52
C	2164.64
B	2165
C	2165.16
B	2165.48
C	2165.96
D	2166.16
C	2166.44
D	2166.64
C	2166.96
D	2167.12
C	2167.44
D	2167.6
C	2167.92
D	2168.08
C	2168.4
D	2168.6
C	2168.88
D	2169.08
C	2169.4
D	2169.6
C	2169.88
D	2170.08
C	2170.36
D	2170.56
C	2170.84
D	2171.04
C	2171.36
D	2171.52
C	2171.84
D	2172.04
C	2172.32
D	2172.52
C	2172.8
D	2173
C	2173.28
D	2173.48
C	2173.8
D	2174
C	2174.28
D	2174.48
C	2174.76
D	2174.96
C	2175.24
D	2175.48
C	2175.72
D	2175.96
C	2176.2
D	2176.44
C	2176.72
D	2176.92
C	2177.2
D	2177.4
C	2177.68
D	2177.92
C	2178.2
B	2178.32
A	2181.16
B	2181.36
A	2181.6
B	2181.84
A	2182.08
B	2182.32
A	2182.56
B	2182.84
A	2183.08
B	2183.32
A	2183.56
B	2183.8
A	2184.04
B	2184.32
A	2184.52
B	2184.8
A	2185
B	2185.28
A	2185.48
B	2185.76
A	2186
B	2186.24
A	2186.48
B	2186.76
A	2187
B	2187.24
A	2187.44
B	2187.76
A	2187.92
B	2188.24
A	2188.44
B	2188.72
A	2188.92
B	2189.2
A	2189.4
B	2189.68
A	2189.92
B	2190.2
A	2190.4
B	2190.68
A	2190.88
B	2191.2
A	2191.36
B	2191.68
A	2191.84
B	2192.16
A	2192.36
B	2192.64
A	2192.84
B	2193.12
A	2193.32
B	2193.64
A	2193.8
B	2194.12
A	2194.28
B	2194.64
A	2194.8
B	2195.12
A	2195.28
B	2195.6
A	2195.76
B	2196.28
C	2196.56
B	2196.76
C	2197.04
B	2197.24
C	2197.56
B	2197.72
C	2198.12
B	2198.32
A	2221.28
B	2221.52
A	2221.72
B	2222.04
A	2222.2
B	2222.56
A	2222.68
B	2223.04
A	2223.16
B	2223.52
A	2223.68
B	2224
A	2224.16
B	2224.48
A	2224.68
B	2224.96
A	2226.16
B	2226.44
A	2226.6
B	2226.92
A	2227.12
B	2227.4
A	2227.6
B	2227.92
A	2228.08
B	2228.4
A	2228.56
B	2228.92
A	2229.04
B	2229.4
A	2229.56
B	2229.88
A	2230.04
B	2230.36
A	2230.52
B	2230.84
A	2231.04
B	2231.32
A	2231.52
B	2231.84
A	2232
B	2232.32
A	2232.48
B	2232.8
A	2233
B	2233.28
A	2233.48
B	2233.76
A	2233.96
B	2234.28
A	2234.44
B	2234.76
A	2234.92
B	2235.24
A	2235.4
B	2235.76
A	2235.92
B	2236.24
A	2236.4
B	2236.72
A	2236.92
B	2237.2
A	2237.4
B	2237.68
A	2237.88
B	2238.12
A	2240.88
B	2241.12
A	2241.32
B	2241.6
A	2241.8
B	2242.08
A	2242.32
B	2242.56
A	2242.8
B	2243.04
A	2243.28
B	2243.56
A	2243.76
B	2244.04
A	2244.24
B	2244.52
A	2244.76
B	2245.04
A	2245.24
B	2245.52
A	2245.72
B	2246
A	2246.24
B	2246.48
A	2246.72
B	2246.84
C	2246.96
B	2247.2
C	2247.48
B	2247.68
C	2247.96
B	2248.2
C	2248.44
B	2248.68
C	2248.92
B	2249.2
C	2249.4
B	2249.68
C	2249.88
B	2250.16
C	2250.4
B	2250.64
C	2250.88
B	2251.12
C	2251.36
B	2251.64
C	2251.84
B	2252.12
C	2252.32
B	2252.6
C	2252.84
B	2253.12
C	2253.32
B	2253.6
C	2253.8
B	2254.08
C	2254.32
B	2254.56
C	2254.8
B	2255.08
C	2255.28
B	2255.56
C	2255.76
B	2256.04
C	2256.24
B	2256.52
C	2256.76
B	2257
C	2257.24
B	2257.52
C	2257.72
B	2258
C	2258.16
B	2258.28
A	2261.44
B	2261.6
A	2261.96
B	2262.08
A	2262.44
B	2262.6
A	2262.92
B	2263.08
A	2263.4
B	2263.6
A	2263.88
B	2264.4
C	2264.56
B	2265.4
C	2265.52
B	2265.84
C	2266
B	2266.36
C	2266.84
D	2267
C	2267.32
D	2267.48
C	2267.84
D	2267.96
C	2268.32
D	2268.44
C	2269.32
D	2269.44
C	2269.8
D	2269.92
C	2270.28
D	2270.4
C	2271.76
D	2271.88
C	2272.24
D	2272.36
C	2272.72
D	2278.24
C	2278.36
B	2278.52
A	2281.48
B	2283.44
C	2286.88
D	2298.32
C	2298.44
B	2298.56
A	2301.28
B	2302.52
C	2304.48
D	2318.32
C	2318.44
B	2318.56
A	2321.24
B	2322.56
C	2326.08
D	2338.28
C	2338.4
B	2338.52
A	2341.48
B	2342.28
C	2342.76
D	2342.88
C	2344.72
D	2344.84
C	2345.2
D	2345.32
C	2345.68
D	2345.8
C	2347.16
D	2358.2
C	2358.32
B	2358.44
A	2360.84
B	2361.04
A	2361.32
B	2361.52
A	2361.8
B	2362
A	2362.32
B	2362.48
A	2362.8
B	2363
A	2363.28
B	2363.48
A	2363.76
B	2364
A	2364.24
B	2364.48
A	2364.72
B	2364.84
C	2364.96
B	2365.24
C	2365.44
B	2365.72
C	2365.92
B	2366.2
C	2366.44
B	2366.68
C	2366.92
B	2367.16
C	2367.44
B	2367.68
C	2367.92
B	2368.16
C	2368.4
B	2368.64
C	2368.88
B	2369.16
C	2369.4
B	2369.64
C	2369.88
B	2370.12
C	2370.36
B	2370.6
C	2370.84
B	2371.08
C	2371.32
B	2371.6
C	2371.84
B	2372.08
C	2372.32
B	2372.56
C	2372.84
B	2373.04
C	2373.16
D	2373.32
C	2373.52
D	2373.8
C	2374.04
D	2374.28
C	2374.6
D	2374.76
C	2374.88
B	2375
C	2375.28
B	2375.48
C	2375.76
B	2375.96
C	2376.24
B	2376.44
C	2376.76
B	2376.96
C	2377.24
B	2377.44
C	2377.72
B	2377.92
C	2378.16
B	2378.28
A	2383.8
B	2384.08
A	2384.28
B	2384.6
A	2384.8
B	2385.08
A	2385.28
B	2385.6
A	2385.76
B	2386.08
A	2386.24
B	2386.56
A	2386.72
B	2387.04
A	2387.24
B	2387.52
A	2387.72
B	2388
A	2388.2
B	2388.52
A	2388.68
B	2389
A	2389.16
B	2389.52
A	2389.68
B	2390
A	2390.16
B	2390.48
A	2390.64
B	2390.96
A	2391.12
B	2391.44
A	2391.6
B	2391.96
A	2392.08
B	2392.44
A	2392.6
B	2392.92
A	2393.08
B	2393.4
A	2393.6
B	2393.92
A	2394.08
B	2394.4
A	2394.56
B	2394.88
A	2395.04
B	2395.4
A	2395.52
B	2395.88
A	2396
B	2396.36
A	2396.52
B	2396.84
A	2397
B	2397.32
A	2397.48
B	2397.84
A	2422.08
B	2422.28
A	2422.48
B	2422.8
A	2422.96
B	2423.28
A	2423.44
B	2423.76
A	2423.92
B	2424.24
A	2424.44
B	2424.72
A	2424.92
B	2425.2
A	2425.44
B	2425.72
A	2425.92
B	2426.2
A	2426.4
B	2426.72
A	2426.88
B	2427.2
A	2427.4
B	2427.68
A	2427.88
B	2428.16
A	2428.36
B	2428.64
A	2428.88
B	2429.12
A	2429.36
B	2429.64
A	2429.84
B	2430.12
A	2430.32
B	2430.6
A	2430.8
B	2431.08
A	2431.32
B	2431.56
A	2431.8
B	2432.08
A	2432.28
B	2432.56
A	2432.76
B	2433.04
A	2433.28
B	2433.56
A	2433.76
B	2433.88
C	2434.04
B	2434.24
C	2434.52
B	2434.76
C	2435
B	2435.24
C	2435.48
B	2435.72
C	2436
B	2436.2
C	2436.48
B	2436.72
C	2436.96
B	2437.2
C	2437.44
B	2437.72
C	2437.92
B	2438.16
A	2441.12
B	2441.32
A	2441.64
B	2441.84
A	2442.12
B	2442.32
A	2442.6
B	2442.84
A	2443.08
B	2443.32
A	2443.6
B	2443.8
A	2444.08
B	2444.28
A	2444.56
B	2444.76
A	2445.04
B	2445.28
A	2445.52
B	2445.64
C	2445.76
B	2446.04
C	2446.24
B	2446.52
C	2446.72
B	2447.04
C	2447.2
B	2447.52
C	2447.68
B	2448
C	2448.2
B	2448.48
C	2448.68
B	2448.96
C	2449.2
B	2449.48
C	2449.68
B	2449.96
C	2450.12
B	2450.44
C	2450.64
B	2450.96
C	2451.44
D	2451.6
C	2451.92
D	2452.12
C	2452.4
D	2452.6
C	2452.92
D	2453.08
C	2453.4
D	2453.56
C	2453.92
D	2454.04
C	2454.4
D	2454.52
C	2454.84
D	2455.04
C	2455.36
D	2455.52
C	2455.84
D	2456
C	2456.36
D	2456.48
C	2456.84
D	2456.96
C	2457.32
D	2457.48
C	2457.8
D	2457.96
C	2458.2
B	2458.32
A	2460.76
B	2460.88
A	2461.24
B	2461.4
A	2461.72
B	2461.88
A	2462.56
B	2464.2
C	2464.68
D	2464.8
C	2469.4
D	2478.28
C	2478.4
B	2478.52
A	2481.32
B	2483.08
C	2485.44
D	2498.32
C	2498.44
B	2498.56
A	2501.24
B	2502.64
C	2504.52
D	2518.32
C	2518.44
B	2518.56
A	2521.52
B	2523.12
C	2527.36
D	2538.28
C	2538.4
B	2538.52
A	2541.04
B	2541.2
A	2541.56
B	2541.68
A	2542.04
B	2542.2
A	2542.52
B	2542.68
A	2543
B	2543.48
C	2543.68
B	2544
C	2544.16
B	2544.48
C	2544.64
B	2544.96
C	2545.12
B	2545.44
C	2545.64
B	2545.92
C	2546.12
B	2546.4
C	2546.6
B	2546.92
C	2547.08
B	2547.4
C	2547.6
B	2547.92
C	2548.08
B	2548.4
C	2548.84
D	2549.08
C	2549.36
D	2549.56
C	2549.84
D	2550.04
C	2550.32
D	2550.52
C	2550.84
D	2551
C	2551.32
D	2551.52
C	2551.8
D	2552
C	2552.12
B	2552.28
C	2552.4
D	2552.52
C	2552.76
D	2553
C	2553.24
D	2553.48
C	2553.76
D	2553.96
C	2554.24
D	2554.44
C	2554.72
D	2554.96
C	2555.2
D	2555.44
C	2555.68
D	2555.96
C	2556.2
D	2556.44
C	2556.68
D	2556.92
C	2557.16
D	2557.4
C	2557.68
D	2557.88
C	2558.16
B	2558.4
A	2561.08
B	2561.32
A	2561.56
B	2561.84
A	2562.04
B	2562.32
A	2562.52
B	2562.8
A	2563.04
B	2563.28
A	2563.52
B	2563.8
A	2564
B	2564.28
A	2564.48
B	2564.76
A	2564.96
B	2565.28
A	2565.48
B	2565.76
A	2565.96
B	2566.24
A	2566.44
B	2566.72
A	2566.96
B	2567.2
A	2567.44
B	2567.72
A	2567.92
B	2568.2
A	2568.4
B	2568.72
A	2568.88
B	2569.2
A	2569.4
B	2569.68
A	2569.88
B	2570.16
A	2570.36
B	2570.64
A	2570.84
B	2571.16
A	2571.32
B	2571.64
A	2571.8
B	2572.12
A	2572.32
B	2572.6
A	2572.8
B	2573.12
A	2573.28
B	2573.6
A	2573.8
B	2574.12
A	2574.28
B	2574.6
A	2574.76
B	2575.08
A	2575.24
B	2575.56
A	2575.72
B	2576.04
A	2576.24
B	2576.52
A	2576.72
B	2577.04
A	2577.2
B	2577.52
A	2577.68
B	2578.12
A	2587.52
B	2587.84
A	2587.96
B	2588.32
A	2592.88
B	2593.2
A	2622.28
B	2622.52
A	2622.8
B	2623
A	2623.28
B	2623.52
A	2623.76
B	2624
A	2624.24
B	2624.52
A	2624.72
B	2625
A	2625.2
B	2625.48
A	2625.72
B	2625.96
A	2626.2
B	2626.44
A	2626.72
B	2626.92
A	2627.2
B	2627.44
A	2627.68
B	2627.92
A	2628.16
B	2628.4
A	2628.64
B	2628.76
C	2628.88
B	2629.16
C	2629.36
B	2629.64
C	2629.88
B	2630.12
C	2630.36
B	2630.6
C	2630.84
B	2631.12
C	2631.36
B	2631.6
C	2631.84
B	2632.12
C	2632.32
B	2632.6
C	2632.8
B	2633.08
C	2633.28
B	2633.56
C	2633.8
B	2634.04
C	2634.28
B	2634.52
C	2634.76
B	2635.04
C	2635.24
B	2635.52
C	2635.72
B	2636.04
C	2636.52
D	2636.72
C	2637
D	2637.2
C	2637.48
D	2637.68
C	2638
D	2638.16
C	2638.28
B	2638.4
A	2640.92
B	2641.12
A	2641.44
B	2641.6
A	2641.92
B	2642.08
A	2642.44
B	2642.92
C	2643.04
B	2643.4
C	2643.56
B	2643.88
C	2644.04
B	2644.36
C	2644.52
B	2644.88
C	2645
B	2645.36
C	2645.48
B	2645.84
C	2646.32
D	2646.48
C	2646.84
D	2646.96
C	2647.32
D	2647.44
C	2649.28
D	2649.4
C	2649.76
D	2649.88
C	2650.24
D	2658.24
C	2658.36
B	2658.48
A	2661.32
B	2663.24
C	2666.72
D	2678.32
C	2678.44
B	2678.56
A	2681.24
B	2682.84
C	2685.4
D	2698.32
C	2698.44
B	2698.56
A	2701.32
B	2702.96
C	2705.28
D	2718.32
C	2718.44
B	2718.56
A	2721.76
B	2722.24
C	2722.36
B	2722.72
C	2724.68
D	2724.8
C	2725.16
D	2725.32
C	2725.64
D	2725.8
C	2726.16
D	2726.28
C	2726.64
D	2726.76
C	2727.12
D	2727.28
C	2727.6
D	2738.2
C	2738.32
B	2738.44
A	2741.28
B	2741.52
A	2741.76
B	2742
A	2742.28
B	2742.48
A	2742.76
B	2742.96
A	2743.24
B	2743.48
A	2743.72
B	2743.84
C	2743.96
B	2744.2
C	2744.44
B	2744.72
C	2744.92
B	2745.2
C	2745.44
B	2745.68
C	2745.92
B	2746.2
C	2746.4
B	2746.68
C	2746.92
B	2747.12
C	2747.4
B	2747.64
C	2747.88
B	2748.12
C	2748.36
B	2748.64
C	2748.84
B	2749.12
C	2749.36
B	2749.6
C	2749.84
B	2750.08
C	2750.36
B	2750.56
C	2750.84
B	2751.04
C	2751.32
B	2751.56
C	2751.8
B	2752.04
C	2752.28
B	2752.52
C	2752.8
B	2753
C	2753.28
B	2753.48
C	2753.8
B	2754
C	2754.28
B	2754.48
C	2754.76
B	2754.96
C	2755.24
B	2755.48
C	2755.72
B	2755.96
C	2756.24
B	2756.4
C	2756.72
B	2756.92
C	2757.24
B	2757.4
C	2757.72
B	2757.92
C	2758.16
B	2758.28
A	2761.8
B	2762.12
A	2762.28
B	2762.6
A	2762.8
B	2763.12
A	2763.28
B	2763.6
A	2763.76
B	2764.08
A	2764.28
B	2764.56
A	2764.76
B	2765.04
A	2765.24
B	2765.56
A	2765.72
B	2766.04
A	2766.2
B	2766.52
A	2766.68
B	2767.04
A	2767.2
B	2767.52
A	2767.68
B	2768
A	2768.16
B	2768.48
A	2768.64
B	2769
A	2769.12
B	2769.48
A	2769.6
B	2769.96
A	2770.12
B	2770.44
A	2770.6
B	2770.92
A	2771.12
B	2771.44
A	2771.6
B	2771.92
A	2772.08
B	2772.44
A	2772.56
B	2772.92
A	2773.08
B	2773.4
A	2773.56
B	2773.88
A	2774.04
B	2774.36
A	2774.52
B	2774.84
A	2775
B	2775.36
A	2775.48
B	2775.84
A	2776
B	2776.32
A	2776.48
B	2776.8
A	2777
B	2777.32
A	2777.48
B	2777.8
A	2777.96
B	2778.2
A	2787.32
B	2787.6
A	2787.76
B	2788.6
A	2788.72
B	2789.04
A	2789.2
B	2789.52
A	2789.72
B	2790.04
A	2790.2
B	2790.52
A	2790.68
B	2791.04
A	2791.16
B	2791.52
A	2791.68
B	2792
A	2792.16
B	2792.48
A	2792.68
B	2792.96
A	2793.16
B	2793.44
A	2793.64
B	2793.96
A	2794.12
B	2794.44
A	2794.6
B	2794.92
A	2795.08
B	2795.4
A	2795.6
B	2795.92
A	2796.08
B	2796.4
A	2796.6
B	2796.88
A	2797.08
B	2797.4
A	2797.56
B	2797.88
A	2809.08
B	2811.4
A	2812.32
B	2812.6
C	2814.08
B	2816.04
C	2817.08
B	2818.36
A	2821.12
B	2821.32
A	2821.6
B	2821.8
A	2822.08
B	2822.28
A	2822.56
B	2822.8
A	2823.04
B	2823.28
A	2823.56
B	2823.76
A	2824.04
B	2824.56
C	2824.72
B	2825.04
C	2825.24
B	2825.52
C	2825.72
B	2826
C	2826.2
B	2826.52
C	2826.68
B	2827
C	2827.16
B	2827.52
C	2827.68
B	2828
C	2828.16
B	2828.48
C	2828.64
B	2828.96
C	2829.12
B	2829.44
C	2829.64
B	2829.96
C	2830.44
D	2830.6
C	2830.92
D	2831.08
C	2831.44
D	2831.56
C	2831.92
D	2832.08
C	2832.4
D	2832.56
C	2832.88
D	2833.04
C	2833.88
D	2834
C	2834.36
D	2834.48
C	2834.84
D	2835
C	2835.32
D	2835.48
C	2835.84
D	2835.96
C	2836.32
D	2836.44
C	2837.8
D	2838.2
C	2838.32
B	2838.44
A	2841.72
B	2843.64
C	2844.64
D	2858.28
C	2858.4
B	2858.52
A	2861.24
B	2862.6
C	2865.64
D	2878.32
C	2878.44
B	2878.56
A	2881.12
B	2882.48
C	2885.56
D	2898.28
C	2898.4
B	2898.52
A	2901.48
B	2903.72
C	2906.84
D	2918.24
C	2918.36
B	2918.48
A	2921.52
B	2921.68
A	2922
B	2922.16
A	2922.48
B	2922.68
A	2922.96
B	2923.16
A	2923.44
B	2923.64
A	2923.92
B	2924.44
C	2924.6
B	2924.92
C	2925.12
B	2925.4
C	2925.6
B	2925.88
C	2926.12
B	2926.36
C	2926.6
B	2926.88
C	2927.08
B	2927.36
C	2927.56
B	2927.84
C	2928.04
B	2928.36
C	2928.56
B	2928.84
C	2929.04
B	2929.32
C	2929.56
B	2929.8
C	2930.04
B	2930.28
C	2930.52
B	2930.8
C	2931
B	2931.28
C	2931.76
D	2932
C	2932.24
D	2932.48
C	2932.72
D	2932.96
C	2933.2
D	2933.48
C	2933.72
D	2933.92
C	2934.2
D	2934.44
C	2934.72
D	2934.92
C	2935.2
D	2935.44
C	2935.68
D	2935.92
C	2936.16
D	2936.4
C	2936.64
D	2936.88
C	2937.12
D	2937.36
C	2937.64
D	2937.88
C	2938.16
B	2938.44
A	2942.52
B	2942.8
A	2943
B	2943.28
A	2943.48
B	2943.76
A	2944
B	2944.24
A	2944.48
B	2944.76
A	2944.92
B	2945.24
A	2945.44
B	2945.72
A	2945.92
B	2946.2
A	2946.44
B	2946.72
A	2946.92
B	2947.2
A	2947.4
B	2947.68
A	2947.88
B	2948.2
A	2948.36
B	2948.68
A	2948.84
B	2949.16
A	2949.36
B	2949.64
A	2949.84
B	2950.12
A	2950.32
B	2950.64
A	2950.8
B	2951.12
A	2951.28
B	2951.64
A	2951.8
B	2952.12
A	2952.28
B	2952.6
A	2952.8
B	2953.08
A	2953.28
B	2953.56
A	2953.76
B	2954.08
A	2954.24
B	2954.56
A	2954.72
B	2955.04
A	2955.2
B	2955.52
A	2955.72
B	2956.04
A	2956.2
B	2956.52
A	2956.68
B	2957
A	2957.16
B	2957.52
A	2957.64
B	2958.12
A	2963.52
B	2963.88
A	2975.28
B	2975.6
A	2975.8
B	2976.12
A	2976.28
B	2976.6
A	2976.76
B	2977.12
A	2977.24
B	2977.56
A	2977.76
B	2978.24
A	2981.72
B	2981.96
A	2982.16
B	2982.48
A	2982.64
B	2982.96
A	2983.12
B	2983.44
A	2983.6
B	2983.92
A	2984.12
B	2984.4
A	2984.6
B	2984.92
A	2985.08
B	2985.4
A	2986.56
B	2986.88
A	2987.04
B	2987.36
A	2987.56
B	2987.84
A	2988.04
B	2988.32
A	2988.52
B	2988.84
A	2989
B	2989.32
A	2989.48
B	2989.8
A	2990
B	2990.28
A	2990.48
B	2990.76
A	2991
B	2991.24
A	2991.48
B	2991.76
A	2991.96
B	2992.24
A	2992.44
B	2992.76
A	2992.92
B	2993.24
A	2993.44
B	2993.72
A	2993.92
B	2994.2
A	2994.4
B	2994.68
A	2994.88
B	2995.2
A	2995.4
B	2995.68
A	2995.88
B	2996.16
A	2996.36
B	2996.64
A	2996.88
B	2997.12
A	2997.36
B	2997.6
A	2997.84
B	2998.12
A	3000
